link,format,type,tags
https://medium.com/neutrinoteam/neutrino-algorithmic-price-stable-cryptocurrency-protocol-collateralized-by-waves-ab3b145568de,Article,Insights,"#Neutrino #DeFi",
https://medium.com/@neutrinoteam/neutrino-system-base-token-nsbt-new-auction-utility-liquidation-mechanics-d1589a2d5e25,Article,Insights,"#Neutrino #DeFi",
https://medium.com/wavesprotocol/blockchain-helps-to-resolve-real-world-issues-aec54d4e8ae5,Article,Case Study,"#Waves #develop",
https://medium.com/wavesprotocol/unlimited-dapp-script-complexity-via-continuations-8cd922af152e,Article,Insights,"#Waves #dApps #develop",
https://medium.com/wavesprotocol/how-to-build-a-dapp-for-team-motivation-8943504e3feb,Article,Tutorial,"#Waves #dApps #develop",
https://medium.com/wavesprotocol/5-things-i-wish-id-known-before-starting-to-develop-dapps-e6f834018ce7,Article,Insights,"#Waves #dApps #develop",
https://medium.com/wavesprotocol/why-addressing-the-complexity-of-blockchain-democracy-is-crucial-15a90dc5a87d,Article,Insights,#Waves,
https://medium.com/wavesprotocol/how-to-add-crypto-payments-to-your-online-store-b528b739cdfb,Article,Tutorial,"#Waves #dApps #develop",
https://medium.com/wavesprotocol/sign-art-offers-certification-service-to-artists-280bff2ff1c8,Article,Case Study,"#Waves #dApps #NFT",
https://medium.com/wavesprotocol/neutrino-defo-rmed-96e8d501724b,Article,Insights,"#Neutrino #DeFi",
https://medium.com/wavesprotocol/dao-2020-whats-missing-b717c4c64232,Article,Tutorial,#Waves,
https://medium.com/wavesprotocol/waves-1-2-malibu-is-out-for-mainnet-93eff0be6f6a,Article,Release,"#Waves #develop",
https://medium.com/neutrinoteam/how-to-take-your-first-steps-with-crypto-and-defi-cd3602d63b9c,Article,Tutorial,"#Neutrino #DeFi #invest",
https://youtu.be/YW9SLnOGaqk,Video,Tutorial,"#Waves #dApps",
https://youtu.be/YW9SLnOGaqk,Video,Tutorial,"#Waves #dApps",
https://medium.com/wavesprotocol/dealing-with-different-network-modes-a42940a1e09e,Article,Tutorial,"#Waves #develop",
https://medium.com/gravity-protocol/susy-a-blockchain-agnostic-cross-chain-asset-transfer-gateway-protocol-based-on-gravity-9d5b1550e5f4,Article,Tutorial,#Gravity,
https://medium.com/gravity-protocol/why-join-gravity-development-7af9812bc4ce,Article,Tutorial,"#Gravity #develop",
https://medium.com/wavesprotocol/protect-your-funds-public-private-keys-and-seed-phrases-c52fe4c46fbf,Article,Tutorial,#Waves,
https://medium.com/gravity-protocol/gravity-node-one-click-deployment-3dc785158bb5,Article,Tutorial,#Gravity,
https://medium.com/neutrinoteam/the-anatomy-of-stablecoins-10ee6315a36f,Article,Tutorial,"#Neutrino #DeFi",
https://medium.com/wavesprotocol/fork-the-waves-blockchain-ae53b26d4227,Article,Tutorial,"#Waves #develop",
https://medium.com/wavesprotocol/why-is-lpos-better-than-d-pos-4cf80f74f81c,Article,Tutorial,#Waves,
https://medium.com/wavesprotocol/smart-contract-programming-languages-dissected-6b64a3a1ba32,Article,Tutorial,"#Waves #develop",
https://medium.com/gravity-protocol/gravity-devnet-susy-gateway-demo-9bcc88bdf825,Article,Tutorial,#Gravity,
https://medium.com/neutrinoteam/neutrino-innovates-financial-markets-by-launching-defo-extension-2480ef564650,Article,Insights,"#Neutrino #DeFi",
https://medium.com/wavesprotocol/blockchain-solutions-boost-edtech-d6cc19ffb2a4,Article,Insights,"#Waves #dapps",
http://amp.gs/LfbG,Article,Tutorial,#Gravity,
https://medium.com/wavesprotocol/nfts-help-protect-digital-arts-value-940c73920e80,Article,Case Study,"#Waves #NFT",
https://medium.com/wavesprotocol/waves-ide-caring-about-developers-af106ebb5079,Article,Tutorial,"#Waves #develop",
https://medium.com/wavesprotocol/is-inter-chain-defi-the-next-step-in-defi-evolution-a4a3892e0057,Article,Insights,"#Waves #DeFi",
https://youtu.be/BWmjd6cecQU,Video,Tutorial,#Gravity,
https://medium.com/wavesprotocol/waves-node-in-go-4c512214ca8a,Article,Tutorial,"#Waves #develop",
https://medium.com/wavesprotocol/hacking-with-waves-4fc255e950e6,Article,Insights,"#Waves #dApps #develop",
https://youtu.be/0iU4ILr1IPg,Video,Tutorial,#Swop.fi,
https://medium.com/wavesprotocol/nft-for-odyssey-83e0ed91828,Article,Case Study,"#Waves #NFT",
https://youtu.be/U_VAZY9T14k,Video,Tutorial,"#Swop.fi #invest",
https://medium.com/wavesprotocol/how-to-get-an-apy-of-100-on-a-usd-deposit-45d5ac7a05bf,Article,Tutorial,"#Swop.fi #invest",
https://medium.com/wavesprotocol/how-to-stake-erc-20-waves-tokens-85f6d4bc0c0c,Article,Tutorial,"#Waves.Exchange #invest",
https://youtu.be/TNVlP584FMQ,Video,Tutorial,"#Swop.fi #invest",
https://medium.com/wavesprotocol/all-about-usdc-on-swop-fi-8aaaff1d70b8,Article,Tutorial,"#Swop.fi #invest",
https://youtu.be/9wySKEPY4JE,Video,Tutorial,"#Swop.fi #invest",
https://medium.com/wavesprotocol/yield-farming-options-compared-d944a107294a,Article,Tutorial,"#Swop.fi #DeFi",
https://medium.com/swop-fi/swop-fi-explained-23316b447b39,Article,Insights,"#Swop.fi #DeFi",
https://medium.com/wavesprotocol/waves-wallets-for-swop-fi-ddc9252ec7ed,Article,Tutorial,"#Waves #Swop.fi",
https://youtu.be/FvCZm1AQx8g,Video,Insights,"#Swop.fi #dApps #develop",
https://youtu.be/XYWkzpbAcIE,Video,Insights,"#Swop.fi #invest",
https://medium.com/swop-fi/what-risks-are-involved-in-using-swop-fi-373260884696,Article,Insights,"#Swop.fi #invest",
https://youtu.be/xy2fNU4aGx0,Video,Tutorial,"#Waves #DeFi",
